{ "compressionlevel":-1,
 "height":11,
 "infinite":false,
 "layers":[
        {
         "data":[41, 42, 43, 44, 42, 43, 44, 42, 43, 44, 42, 43, 44, 42, 43, 45,
            6, 7, 8, 9, 10, 7, 8, 9, 7, 8, 9, 7, 8, 9, 7, 8,
            11, 12, 13, 14, 15, 12, 13, 14, 12, 13, 14, 12, 13, 14, 12, 13,
            6, 7, 8, 9, 10, 7, 8, 9, 7, 8, 9, 7, 8, 9, 7, 8,
            11, 12, 13, 14, 15, 12, 13, 14, 12, 13, 14, 12, 13, 14, 12, 13,
            6, 7, 8, 9, 10, 7, 8, 9, 7, 8, 9, 7, 8, 9, 7, 8,
            11, 12, 13, 14, 15, 12, 13, 14, 12, 13, 14, 12, 13, 14, 12, 13,
            6, 7, 8, 9, 10, 7, 8, 9, 7, 8, 9, 7, 8, 9, 7, 8,
            11, 12, 13, 14, 15, 12, 13, 14, 12, 13, 14, 12, 13, 14, 12, 13,
            6, 7, 8, 9, 10, 7, 8, 9, 7, 8, 9, 7, 8, 9, 7, 8,
            11, 12, 13, 14, 15, 12, 13, 14, 12, 13, 14, 12, 13, 14, 12, 13],
         "height":11,
         "id":1,
         "name":"background",
         "opacity":1,
         "type":"tilelayer",
         "visible":true,
         "width":16,
         "x":0,
         "y":0
        }, 
        {
         "draworder":"topdown",
         "id":2,
         "name":"boxes",
         "objects":[
                {
                 "class":"",
                 "height":33,
                 "id":4,
                 "name":"",
                 "rotation":0,
                 "visible":true,
                 "width":24,
                 "x":72,
                 "y":33
                }, 
                {
                 "class":"",
                 "height":33,
                 "id":5,
                 "name":"",
                 "rotation":0,
                 "visible":true,
                 "width":24,
                 "x":192,
                 "y":33
                }, 
                {
                 "class":"",
                 "height":33,
                 "id":6,
                 "name":"",
                 "rotation":0,
                 "visible":true,
                 "width":24,
                 "x":264,
                 "y":33
                }, 
                {
                 "class":"",
                 "height":33,
                 "id":7,
                 "name":"",
                 "rotation":0,
                 "visible":true,
                 "width":24,
                 "x":336,
                 "y":33
                }, 
                {
                 "class":"",
                 "height":33,
                 "id":8,
                 "name":"",
                 "rotation":0,
                 "visible":true,
                 "width":24,
                 "x":0,
                 "y":66
                }, 
                {
                 "class":"",
                 "height":33,
                 "id":9,
                 "name":"",
                 "rotation":0,
                 "visible":true,
                 "width":24,
                 "x":288,
                 "y":66
                }, 
                {
                 "class":"",
                 "height":33,
                 "id":10,
                 "name":"",
                 "rotation":0,
                 "visible":true,
                 "width":24,
                 "x":239,
                 "y":99
                }, 
                {
                 "class":"",
                 "height":33,
                 "id":11,
                 "name":"",
                 "rotation":0,
                 "visible":true,
                 "width":24,
                 "x":288,
                 "y":99
                }, 
                {
                 "class":"",
                 "height":33,
                 "id":12,
                 "name":"",
                 "rotation":0,
                 "visible":true,
                 "width":24,
                 "x":48,
                 "y":99
                }, 
                {
                 "class":"",
                 "height":33,
                 "id":13,
                 "name":"",
                 "rotation":0,
                 "visible":true,
                 "width":24,
                 "x":120,
                 "y":99
                }, 
                {
                 "class":"",
                 "height":33,
                 "id":14,
                 "name":"",
                 "rotation":0,
                 "visible":true,
                 "width":24,
                 "x":24,
                 "y":132
                }, 
                {
                 "class":"",
                 "height":33,
                 "id":15,
                 "name":"",
                 "rotation":0,
                 "visible":true,
                 "width":24,
                 "x":96,
                 "y":132
                }, 
                {
                 "class":"",
                 "height":33,
                 "id":16,
                 "name":"",
                 "rotation":0,
                 "visible":true,
                 "width":24,
                 "x":144,
                 "y":132.5
                }, 
                {
                 "class":"",
                 "height":33,
                 "id":17,
                 "name":"",
                 "rotation":0,
                 "visible":true,
                 "width":24,
                 "x":239,
                 "y":132
                }, 
                {
                 "class":"",
                 "height":33,
                 "id":19,
                 "name":"",
                 "rotation":0,
                 "visible":true,
                 "width":24,
                 "x":288,
                 "y":165
                }, 
                {
                 "class":"",
                 "height":33,
                 "id":20,
                 "name":"",
                 "rotation":0,
                 "visible":true,
                 "width":24,
                 "x":0,
                 "y":198
                },
            
                {
                 "class":"",
                 "height":33,
                 "id":21,
                 "name":"",
                 "rotation":0,
                 "visible":true,
                 "width":24,
                 "x":192,
                 "y":165
                }, 
                {
                 "class":"",
                 "height":33,
                 "id":22,
                 "name":"",
                 "rotation":0,
                 "visible":true,
                 "width":24,
                 "x":48,
                 "y":198
                }, 
                {
                 "class":"",
                 "height":33,
                 "id":23,
                 "name":"",
                 "rotation":0,
                 "visible":true,
                 "width":24,
                 "x":144,
                 "y":198
                }, 
                {
                 "class":"",
                 "height":33,
                 "id":24,
                 "name":"",
                 "rotation":0,
                 "visible":true,
                 "width":24,
                 "x":239,
                 "y":198
                }, 
                {
                 "class":"",
                 "height":33,
                 "id":25,
                 "name":"",
                 "rotation":0,
                 "visible":true,
                 "width":24,
                 "x":360,
                 "y":198
                }, 
                {
                 "class":"",
                 "height":33,
                 "id":26,
                 "name":"",
                 "rotation":0,
                 "visible":true,
                 "width":24,
                 "x":0,
                 "y":231
                }, 
                {
                 "class":"",
                 "height":33,
                 "id":27,
                 "name":"",
                 "rotation":0,
                 "visible":true,
                 "width":24,
                 "x":24,
                 "y":297
                }, 
                {
                 "class":"",
                 "height":33,
                 "id":28,
                 "name":"",
                 "rotation":0,
                 "visible":true,
                 "width":24,
                 "x":24,
                 "y":264
                }, 
                {
                 "class":"",
                 "height":33,
                 "id":29,
                 "name":"",
                 "rotation":0,
                 "visible":true,
                 "width":24,
                 "x":48,
                 "y":264
                }, 
                {
                 "class":"",
                 "height":33,
                 "id":30,
                 "name":"",
                 "rotation":0,
                 "visible":true,
                 "width":24,
                 "x":120,
                 "y":231
                }, 
                {
                 "class":"",
                 "height":33,
                 "id":31,
                 "name":"",
                 "rotation":0,
                 "visible":true,
                 "width":24,
                 "x":120,
                 "y":330
                }, 
                {
                 "class":"",
                 "height":33,
                 "id":32,
                 "name":"",
                 "rotation":0,
                 "visible":true,
                 "width":24,
                 "x":192,
                 "y":264
                }, 
                {
                 "class":"",
                 "height":33,
                 "id":33,
                 "name":"",
                 "rotation":0,
                 "visible":true,
                 "width":24,
                 "x":216,
                 "y":231
                }, 
                {
                 "class":"",
                 "height":33,
                 "id":34,
                 "name":"",
                 "rotation":0,
                 "visible":true,
                 "width":24,
                 "x":239,
                 "y":297
                }, 
                {
                 "class":"",
                 "height":33,
                 "id":35,
                 "name":"",
                 "rotation":0,
                 "visible":true,
                 "width":24,
                 "x":264,
                 "y":231
                }, 
                {
                 "class":"",
                 "height":33,
                 "id":36,
                 "name":"",
                 "rotation":0,
                 "visible":true,
                 "width":24,
                 "x":288,
                 "y":264
                },
            
                {
                 "class":"",
                 "height":33,
                 "id":37,
                 "name":"",
                 "rotation":0,
                 "visible":true,
                 "width":24,
                 "x":312,
                 "y":231
                }, 
                {
                 "class":"",
                 "height":33,
                 "id":38,
                 "name":"",
                 "rotation":0,
                 "visible":true,
                 "width":24,
                 "x":312,
                 "y":297
                }],
         "opacity":1,
         "type":"objectgroup",
         "visible":false,
         "x":0,
         "y":0
        }, 
        {
         "draworder":"topdown",
         "id":3,
         "name":"no_move",
         "objects":[
                {
                 "class":"",
                 "height":33,
                 "id":40,
                 "name":"",
                 "rotation":0,
                 "visible":true,
                 "width":24,
                 "x":24,
                 "y":33
                }, 
                {
                 "class":"",
                 "height":33,
                 "id":41,
                 "name":"",
                 "rotation":0,
                 "visible":true,
                 "width":24,
                 "x":0,
                 "y":33
                }, 
                {
                 "class":"",
                 "height":33,
                 "id":42,
                 "name":"",
                 "rotation":0,
                 "visible":true,
                 "width":24,
                 "x":168,
                 "y":33
                }, 
                {
                 "class":"",
                 "height":33,
                 "id":43,
                 "name":"",
                 "rotation":0,
                 "visible":true,
                 "width":24,
                 "x":144,
                 "y":66
                }, 
                {
                 "class":"",
                 "height":33,
                 "id":44,
                 "name":"",
                 "rotation":0,
                 "visible":true,
                 "width":24,
                 "x":96,
                 "y":66
                }, 
                {
                 "class":"",
                 "height":33,
                 "id":45,
                 "name":"",
                 "rotation":0,
                 "visible":true,
                 "width":24,
                 "x":264,
                 "y":66
                }, 
                {
                 "class":"",
                 "height":33,
                 "id":46,
                 "name":"",
                 "rotation":0,
                 "visible":true,
                 "width":24,
                 "x":264,
                 "y":132
                }, 
                {
                 "class":"",
                 "height":33,
                 "id":47,
                 "name":"",
                 "rotation":0,
                 "visible":true,
                 "width":24,
                 "x":48,
                 "y":330
                }, 
                {
                 "class":"",
                 "height":33,
                 "id":48,
                 "name":"",
                 "rotation":0,
                 "visible":true,
                 "width":24,
                 "x":0,
                 "y":330
                }, 
                {
                 "class":"",
                 "height":33,
                 "id":49,
                 "name":"",
                 "rotation":0,
                 "visible":true,
                 "width":24,
                 "x":24,
                 "y":165
                }, 
                {
                 "class":"",
                 "height":33,
                 "id":50,
                 "name":"",
                 "rotation":0,
                 "visible":true,
                 "width":24,
                 "x":72,
                 "y":165
                }, 
                {
                 "class":"",
                 "height":33,
                 "id":51,
                 "name":"",
                 "rotation":0,
                 "visible":true,
                 "width":24,
                 "x":96,
                 "y":165
                }, 
                {
                 "class":"",
                 "height":33,
                 "id":52,
                 "name":"",
                 "rotation":0,
                 "visible":true,
                 "width":24,
                 "x":120,
                 "y":165
                }, 
                {
                 "class":"",
                 "height":33,
                 "id":53,
                 "name":"",
                 "rotation":0,
                 "visible":true,
                 "width":24,
                 "x":72,
                 "y":132
                }, 
                {
                 "class":"",
                 "height":33,
                 "id":54,
                 "name":"",
                 "rotation":0,
                 "visible":true,
                 "width":24,
                 "x":72,
                 "y":264
                }, 
                {
                 "class":"",
                 "height":33,
                 "id":55,
                 "name":"",
                 "rotation":0,
                 "visible":true,
                 "width":24,
                 "x":96,
                 "y":264
                },
            
                {
                 "class":"",
                 "height":33,
                 "id":56,
                 "name":"",
                 "rotation":0,
                 "visible":true,
                 "width":24,
                 "x":96,
                 "y":231
                }, 
                {
                 "class":"",
                 "height":33,
                 "id":57,
                 "name":"",
                 "rotation":0,
                 "visible":true,
                 "width":24,
                 "x":144,
                 "y":264
                }, 
                {
                 "class":"",
                 "height":33,
                 "id":58,
                 "name":"",
                 "rotation":0,
                 "visible":true,
                 "width":24,
                 "x":168,
                 "y":231
                }, 
                {
                 "class":"",
                 "height":33,
                 "id":59,
                 "name":"",
                 "rotation":0,
                 "visible":true,
                 "width":24,
                 "x":168,
                 "y":198
                }, 
                {
                 "class":"",
                 "height":33,
                 "id":60,
                 "name":"",
                 "rotation":0,
                 "visible":true,
                 "width":24,
                 "x":168,
                 "y":132
                }, 
                {
                 "class":"",
                 "height":33,
                 "id":61,
                 "name":"",
                 "rotation":0,
                 "visible":true,
                 "width":24,
                 "x":192,
                 "y":132
                }, 
                {
                 "class":"",
                 "height":33,
                 "id":62,
                 "name":"",
                 "rotation":0,
                 "visible":true,
                 "width":24,
                 "x":192,
                 "y":99
                }, 
                {
                 "class":"",
                 "height":33,
                 "id":63,
                 "name":"",
                 "rotation":0,
                 "visible":true,
                 "width":24,
                 "x":240,
                 "y":165
                }, 
                {
                 "class":"",
                 "height":33,
                 "id":64,
                 "name":"",
                 "rotation":0,
                 "visible":true,
                 "width":24,
                 "x":240,
                 "y":264
                }, 
                {
                 "class":"",
                 "height":33,
                 "id":65,
                 "name":"",
                 "rotation":0,
                 "visible":true,
                 "width":24,
                 "x":264,
                 "y":264
                }, 
                {
                 "class":"",
                 "height":33,
                 "id":66,
                 "name":"",
                 "rotation":0,
                 "visible":true,
                 "width":24,
                 "x":264,
                 "y":297
                }, 
                {
                 "class":"",
                 "height":33,
                 "id":67,
                 "name":"",
                 "rotation":0,
                 "visible":true,
                 "width":24,
                 "x":360,
                 "y":330
                }, 
                {
                 "class":"",
                 "height":33,
                 "id":68,
                 "name":"",
                 "rotation":0,
                 "visible":true,
                 "width":24,
                 "x":360,
                 "y":297
                }, 
                {
                 "class":"",
                 "height":33,
                 "id":69,
                 "name":"",
                 "rotation":0,
                 "visible":true,
                 "width":24,
                 "x":336,
                 "y":330
                }, 
                {
                 "class":"",
                 "height":33,
                 "id":70,
                 "name":"",
                 "rotation":0,
                 "visible":true,
                 "width":24,
                 "x":312,
                 "y":330
                }, 
                {
                 "class":"",
                 "height":33,
                 "id":71,
                 "name":"",
                 "rotation":0,
                 "visible":true,
                 "width":24,
                 "x":336,
                 "y":99
                },
            
                {
                 "class":"",
                 "height":33,
                 "id":72,
                 "name":"",
                 "rotation":0,
                 "visible":true,
                 "width":24,
                 "x":336,
                 "y":132
                }, 
                {
                 "class":"",
                 "height":33,
                 "id":73,
                 "name":"",
                 "rotation":0,
                 "visible":true,
                 "width":24,
                 "x":336,
                 "y":165
                }, 
                {
                 "class":"",
                 "height":33,
                 "id":74,
                 "name":"",
                 "rotation":0,
                 "visible":true,
                 "width":24,
                 "x":312,
                 "y":165
                }, 
                {
                 "class":"",
                 "height":33,
                 "id":76,
                 "name":"",
                 "rotation":0,
                 "visible":true,
                 "width":24,
                 "x":312,
                 "y":198
                }],
         "opacity":1,
         "type":"objectgroup",
         "visible":true,
         "x":0,
         "y":0
        }],
 "nextlayerid":4,
 "nextobjectid":77,
 "orientation":"orthogonal",
 "renderorder":"right-down",
 "tiledversion":"1.9.2",
 "tileheight":33,
 "tilesets":[
        {
         "firstgid":1,
         "source":"prueba.tsx"
        }],
 "tilewidth":24,
 "type":"map",
 "version":"1.9",
 "width":16
}